<?xml version="1.0" encoding="UTF-8"?>
<project-private xmlns="http://www.netbeans.org/ns/project-private/1">
    <editor-bookmarks xmlns="http://www.netbeans.org/ns/editor-bookmarks/2" lastBookmarkId="0"/>
    <open-files xmlns="http://www.netbeans.org/ns/projectui-open-files/2">
        <group>
            <file>file:/D:/german/tsti/ProgAvanazada/clases/Clases2025/Proyecto%20Hibernate/src/clase1/Marca.hbm.xml</file>
            <file>file:/D:/german/tsti/ProgAvanazada/clases/Clases2025/Proyecto%20Hibernate/src/clase1/Marca.java</file>
            <file>file:/D:/german/tsti/ProgAvanazada/clases/Clases2025/Proyecto%20Hibernate/src/hibernate.cfg.xml</file>
            <file>file:/D:/german/tsti/ProgAvanazada/clases/Clases2025/Proyecto%20Hibernate/src/clase1/Clase1.java</file>
        </group>
    </open-files>
</project-private>
